"(parameter (root https://www.npmjs.com/package/balanced-match) 0)","RegExpInjection"
"(parameter (root https://www.npmjs.com/package/balanced-match) 1)","RegExpInjection"
"(instance (root https://www.npmjs.com/package/browser-stdout))","TaintedFormatString"
"(instance (member (root https://www.npmjs.com/package/browser-stdout) _write))","TaintedFormatString"
"(member (instance (root https://www.npmjs.com/package/browser-stdout)) label)","TaintedFormatString"
"(member (instance (member (root https://www.npmjs.com/package/browser-stdout) _write)) label)","TaintedFormatString"
"(instance (member (instance (root https://www.npmjs.com/package/browser-stdout)) _write))","TaintedFormatString"
"(member (instance (member (instance (root https://www.npmjs.com/package/browser-stdout)) _write)) label)","TaintedFormatString"
"(parameter (root https://www.npmjs.com/package/constantinople) 0)","CodeInjection"
"(parameter (member (root https://www.npmjs.com/package/constantinople) isConstant) 0)","CodeInjection"
"(parameter (member (root https://www.npmjs.com/package/constantinople) toConstant) 0)","CodeInjection"
"(parameter (member (member (root https://www.npmjs.com/package/constantinople) isConstant) isConstant) 0)","CodeInjection"
"(parameter (member (member (root https://www.npmjs.com/package/constantinople) isConstant) toConstant) 0)","CodeInjection"
"(parameter (member (member (member (root https://www.npmjs.com/package/constantinople) isConstant) isConstant) isConstant) 0)","CodeInjection"
"(parameter (member (member (member (root https://www.npmjs.com/package/constantinople) isConstant) isConstant) toConstant) 0)","CodeInjection"
"(parameter (root https://www.npmjs.com/package/cross-spawn) 0)","CommandInjection"
"(parameter (member (root https://www.npmjs.com/package/cross-spawn) spawn) 0)","CommandInjection"
"(parameter (root https://www.npmjs.com/package/detect-conflict) 0)","TaintedPath"
"(parameter (root https://www.npmjs.com/package/execa) 0)","CommandInjection"
"(parameter (member (root https://www.npmjs.com/package/execa) sync) 0)","CommandInjection"
"(parameter (root https://www.npmjs.com/package/finalhandler) 2)","CodeInjection"
"(member (parameter (root https://www.npmjs.com/package/finalhandler) 2) onerror)","CodeInjection"
"(parameter (root https://www.npmjs.com/package/flagged-respawn) 1)","CommandInjection"
"(return (member (parameter (parameter (root https://www.npmjs.com/package/flagged-respawn) 2) 2) slice))","CommandInjection"
"(return (member (parameter (parameter (root https://www.npmjs.com/package/flagged-respawn) 3) 2) slice))","CommandInjection"
"(parameter (root https://www.npmjs.com/package/get-stdin) 0)","CodeInjection"
"(instance (member (root https://www.npmjs.com/package/glob) Glob))","RegExpInjection"
"(member (instance (member (root https://www.npmjs.com/package/glob) Glob)) root)","RegExpInjection"
"(member (instance (member (root https://www.npmjs.com/package/glob) Glob)) _emitQueue)","RegExpInjection"
"(instance (member (member (root https://www.npmjs.com/package/glob) Glob) resume))","RegExpInjection"
"(parameter (member (member (root https://www.npmjs.com/package/glob) Glob) _emitMatch) 1)","RegExpInjection"
"(parameter (member (member (root https://www.npmjs.com/package/glob) Glob) _processSimple) 0)","RegExpInjection"
"(parameter (member (member (root https://www.npmjs.com/package/glob) Glob) _processSimple) 0)","TaintedPath"
"(parameter (member (member (root https://www.npmjs.com/package/glob) Glob) _processGlobStar) 2)","TaintedPath"
"(parameter (member (member (root https://www.npmjs.com/package/glob) Glob) _processReaddir) 0)","RegExpInjection"
"(parameter (member (member (root https://www.npmjs.com/package/glob) Glob) _processReaddir) 2)","TaintedPath"
"(parameter (member (member (root https://www.npmjs.com/package/glob) Glob) _processReaddir) 3)","RegExpInjection"
"(parameter (member (member (root https://www.npmjs.com/package/glob) Glob) _readdir) 0)","TaintedPath"
"(instance (member (member (root https://www.npmjs.com/package/glob) Glob) _processReaddir2))","RegExpInjection"
"(parameter (member (member (root https://www.npmjs.com/package/glob) Glob) _processReaddir2) 0)","RegExpInjection"
"(parameter (member (member (root https://www.npmjs.com/package/glob) Glob) _processReaddir2) 3)","RegExpInjection"
"(parameter (member (member (root https://www.npmjs.com/package/glob) Glob) _readdirInGlobStar) 0)","TaintedPath"
"(parameter (member (member (root https://www.npmjs.com/package/glob) Glob) _stat) 0)","TaintedPath"
"(instance (member (member (root https://www.npmjs.com/package/glob) Glob) _processSimple2))","RegExpInjection"
"(parameter (member (member (root https://www.npmjs.com/package/glob) Glob) _processSimple2) 0)","RegExpInjection"
"(instance (member (member (root https://www.npmjs.com/package/glob) glob) Glob))","RegExpInjection"
"(instance (member (instance (member (root https://www.npmjs.com/package/glob) Glob)) resume))","RegExpInjection"
"(instance (member (instance (member (root https://www.npmjs.com/package/glob) Glob)) _processReaddir2))","RegExpInjection"
"(instance (member (instance (member (root https://www.npmjs.com/package/glob) Glob)) _processSimple2))","RegExpInjection"
"(instance (member (member (member (root https://www.npmjs.com/package/glob) glob) glob) Glob))","RegExpInjection"
"(instance (member (member (member (root https://www.npmjs.com/package/glob) glob) Glob) resume))","RegExpInjection"
"(instance (member (member (member (root https://www.npmjs.com/package/glob) glob) Glob) _processReaddir2))","RegExpInjection"
"(instance (member (member (member (root https://www.npmjs.com/package/glob) glob) Glob) _processSimple2))","RegExpInjection"
"(member (instance (member (member (root https://www.npmjs.com/package/glob) glob) Glob)) root)","RegExpInjection"
"(member (instance (member (member (root https://www.npmjs.com/package/glob) glob) Glob)) _emitQueue)","RegExpInjection"
"(parameter (member (instance (member (root https://www.npmjs.com/package/glob) Glob)) _emitMatch) 1)","RegExpInjection"
"(parameter (member (instance (member (root https://www.npmjs.com/package/glob) Glob)) _processSimple) 0)","RegExpInjection"
"(parameter (member (instance (member (root https://www.npmjs.com/package/glob) Glob)) _processSimple) 0)","TaintedPath"
"(parameter (member (instance (member (root https://www.npmjs.com/package/glob) Glob)) _processGlobStar) 2)","TaintedPath"
"(parameter (member (instance (member (root https://www.npmjs.com/package/glob) Glob)) _processReaddir) 0)","RegExpInjection"
"(parameter (member (instance (member (root https://www.npmjs.com/package/glob) Glob)) _processReaddir) 2)","TaintedPath"
"(parameter (member (instance (member (root https://www.npmjs.com/package/glob) Glob)) _processReaddir) 3)","RegExpInjection"
"(parameter (member (instance (member (root https://www.npmjs.com/package/glob) Glob)) _readdir) 0)","TaintedPath"
"(parameter (member (instance (member (root https://www.npmjs.com/package/glob) Glob)) _processReaddir2) 0)","RegExpInjection"
"(parameter (member (instance (member (root https://www.npmjs.com/package/glob) Glob)) _processReaddir2) 3)","RegExpInjection"
"(parameter (member (instance (member (root https://www.npmjs.com/package/glob) Glob)) _readdirInGlobStar) 0)","TaintedPath"
"(parameter (member (instance (member (root https://www.npmjs.com/package/glob) Glob)) _stat) 0)","TaintedPath"
"(parameter (member (instance (member (root https://www.npmjs.com/package/glob) Glob)) _processSimple2) 0)","RegExpInjection"
"(member (instance (member (member (root https://www.npmjs.com/package/glob) Glob) resume)) _emitQueue)","RegExpInjection"
"(member (instance (member (member (root https://www.npmjs.com/package/glob) Glob) _processReaddir2)) root)","RegExpInjection"
"(member (instance (member (member (root https://www.npmjs.com/package/glob) Glob) _processSimple2)) root)","RegExpInjection"
"(parameter (member (member (member (root https://www.npmjs.com/package/glob) glob) Glob) _emitMatch) 1)","RegExpInjection"
"(parameter (member (member (member (root https://www.npmjs.com/package/glob) glob) Glob) _processSimple) 0)","RegExpInjection"
"(parameter (member (member (member (root https://www.npmjs.com/package/glob) glob) Glob) _processSimple) 0)","TaintedPath"
"(parameter (member (member (member (root https://www.npmjs.com/package/glob) glob) Glob) _processGlobStar) 2)","TaintedPath"
"(parameter (member (member (member (root https://www.npmjs.com/package/glob) glob) Glob) _processReaddir) 0)","RegExpInjection"
"(parameter (member (member (member (root https://www.npmjs.com/package/glob) glob) Glob) _processReaddir) 2)","TaintedPath"
"(parameter (member (member (member (root https://www.npmjs.com/package/glob) glob) Glob) _processReaddir) 3)","RegExpInjection"
"(parameter (member (member (member (root https://www.npmjs.com/package/glob) glob) Glob) _readdir) 0)","TaintedPath"
"(parameter (member (member (member (root https://www.npmjs.com/package/glob) glob) Glob) _processReaddir2) 0)","RegExpInjection"
"(parameter (member (member (member (root https://www.npmjs.com/package/glob) glob) Glob) _processReaddir2) 3)","RegExpInjection"
"(parameter (member (member (member (root https://www.npmjs.com/package/glob) glob) Glob) _readdirInGlobStar) 0)","TaintedPath"
"(parameter (member (member (member (root https://www.npmjs.com/package/glob) glob) Glob) _stat) 0)","TaintedPath"
"(parameter (member (member (member (root https://www.npmjs.com/package/glob) glob) Glob) _processSimple2) 0)","RegExpInjection"
"(return (member (instance (member (root https://www.npmjs.com/package/glob) Glob)) _makeAbs))","TaintedPath"
"(parameter (root https://www.npmjs.com/package/isbinaryfile) 0)","TaintedPath"
"(parameter (root https://www.npmjs.com/package/isexe) 0)","TaintedPath"
"(parameter (member (root https://www.npmjs.com/package/isexe) sync) 0)","TaintedPath"
"(parameter (member (root https://www.npmjs.com/package/jade) renderFile) 0)","TaintedPath"
"(parameter (member (root https://www.npmjs.com/package/jade) compileFileClient) 0)","TaintedPath"
"(parameter (member (root https://www.npmjs.com/package/jade) compileFileClient) 1)","TaintedPath"
"(parameter (member (root https://www.npmjs.com/package/jade) compileFile) 0)","TaintedPath"
"(parameter (member (root https://www.npmjs.com/package/jade) compileFile) 1)","TaintedPath"
"(member (parameter (member (root https://www.npmjs.com/package/jade) compileFileClient) 1) filename)","TaintedPath"
"(member (parameter (member (member (root https://www.npmjs.com/package/jade) runtime) rethrow) 0) filename)","TaintedPath"
"(parameter (member (root https://www.npmjs.com/package/jsonfile) readFile) 0)","TaintedPath"
"(parameter (member (root https://www.npmjs.com/package/jsonfile) readFileSync) 0)","TaintedPath"
"(parameter (member (root https://www.npmjs.com/package/jsonfile) writeFile) 0)","TaintedPath"
"(parameter (member (root https://www.npmjs.com/package/jsonfile) writeFileSync) 0)","TaintedPath"
"(parameter (member (root https://www.npmjs.com/package/liftoff) buildEnvironment) 0)","TaintedPath"
"(member (parameter (member (root https://www.npmjs.com/package/liftoff) buildEnvironment) 0) configPath)","TaintedPath"
"(parameter (root https://www.npmjs.com/package/locate-path) 1)","TaintedPath"
"(member (parameter (root https://www.npmjs.com/package/locate-path) 1) cwd)","TaintedPath"
"(instance (member (root https://www.npmjs.com/package/marked) Lexer))","RegExpInjection"
"(instance (member (member (root https://www.npmjs.com/package/marked) parse) Lexer))","RegExpInjection"
"(instance (member (member (root https://www.npmjs.com/package/marked) Lexer) token))","RegExpInjection"
"(member (instance (member (root https://www.npmjs.com/package/marked) Lexer)) rules)","RegExpInjection"
"(member (member (member (root https://www.npmjs.com/package/marked) Lexer) rules) html)","RegExpInjection"
"(member (member (member (root https://www.npmjs.com/package/marked) Lexer) rules) item)","RegExpInjection"
"(member (member (member (root https://www.npmjs.com/package/marked) Lexer) rules) list)","RegExpInjection"
"(member (member (member (root https://www.npmjs.com/package/marked) Lexer) rules) blockquote)","RegExpInjection"
"(member (member (member (root https://www.npmjs.com/package/marked) Lexer) rules) paragraph)","RegExpInjection"
"(member (member (member (root https://www.npmjs.com/package/marked) Lexer) rules) def)","RegExpInjection"
"(member (member (member (root https://www.npmjs.com/package/marked) InlineLexer) rules) escape)","RegExpInjection"
"(member (member (member (root https://www.npmjs.com/package/marked) InlineLexer) rules) link)","RegExpInjection"
"(member (member (member (root https://www.npmjs.com/package/marked) InlineLexer) rules) text)","RegExpInjection"
"(member (member (member (root https://www.npmjs.com/package/marked) InlineLexer) rules) tag)","RegExpInjection"
"(member (member (member (root https://www.npmjs.com/package/marked) InlineLexer) rules) gfm)","RegExpInjection"
"(member (member (member (root https://www.npmjs.com/package/marked) InlineLexer) rules) autolink)","RegExpInjection"
"(member (member (member (root https://www.npmjs.com/package/marked) InlineLexer) rules) reflink)","RegExpInjection"
"(member (member (member (root https://www.npmjs.com/package/marked) InlineLexer) rules) br)","RegExpInjection"
"(member (instance (member (member (root https://www.npmjs.com/package/marked) parse) Lexer)) rules)","RegExpInjection"
"(member (member (member (member (root https://www.npmjs.com/package/marked) parse) Lexer) rules) html)","RegExpInjection"
"(member (member (member (member (root https://www.npmjs.com/package/marked) parse) Lexer) rules) item)","RegExpInjection"
"(member (member (member (member (root https://www.npmjs.com/package/marked) parse) Lexer) rules) list)","RegExpInjection"
"(member (member (member (member (root https://www.npmjs.com/package/marked) parse) Lexer) rules) blockquote)","RegExpInjection"
"(member (member (member (member (root https://www.npmjs.com/package/marked) parse) Lexer) rules) paragraph)","RegExpInjection"
"(member (member (member (member (root https://www.npmjs.com/package/marked) parse) Lexer) rules) def)","RegExpInjection"
"(member (member (member (member (root https://www.npmjs.com/package/marked) parse) InlineLexer) rules) escape)","RegExpInjection"
"(member (member (member (member (root https://www.npmjs.com/package/marked) parse) InlineLexer) rules) link)","RegExpInjection"
"(member (member (member (member (root https://www.npmjs.com/package/marked) parse) InlineLexer) rules) text)","RegExpInjection"
"(member (member (member (member (root https://www.npmjs.com/package/marked) parse) InlineLexer) rules) tag)","RegExpInjection"
"(member (member (member (member (root https://www.npmjs.com/package/marked) parse) InlineLexer) rules) gfm)","RegExpInjection"
"(member (member (member (member (root https://www.npmjs.com/package/marked) parse) InlineLexer) rules) autolink)","RegExpInjection"
"(member (member (member (member (root https://www.npmjs.com/package/marked) parse) InlineLexer) rules) reflink)","RegExpInjection"
"(member (member (member (member (root https://www.npmjs.com/package/marked) parse) InlineLexer) rules) br)","RegExpInjection"
"(member (member (instance (member (root https://www.npmjs.com/package/marked) Lexer)) rules) item)","RegExpInjection"
"(member (member (member (member (root https://www.npmjs.com/package/marked) InlineLexer) rules) gfm) text)","RegExpInjection"
"(member (instance (member (member (root https://www.npmjs.com/package/marked) Lexer) token)) rules)","RegExpInjection"
"(instance (member (return (member (root https://www.npmjs.com/package/marked) options)) Lexer))","RegExpInjection"
"(instance (member (member (member (root https://www.npmjs.com/package/marked) parse) parse) Lexer))","RegExpInjection"
"(instance (member (member (member (root https://www.npmjs.com/package/marked) parse) Lexer) token))","RegExpInjection"
"(instance (member (return (member (root https://www.npmjs.com/package/marked) setOptions)) Lexer))","RegExpInjection"
"(instance (member (instance (member (root https://www.npmjs.com/package/marked) Lexer)) token))","RegExpInjection"
"(instance (member (root https://www.npmjs.com/package/mime) define))","TaintedFormatString"
"(instance (member (root https://www.npmjs.com/package/mime) Mime))","TaintedFormatString"
"(instance (member (member (root https://www.npmjs.com/package/mime) Mime) define))","TaintedFormatString"
"(member (instance (member (root https://www.npmjs.com/package/mime) define)) _loading)","TaintedFormatString"
"(member (instance (member (root https://www.npmjs.com/package/mime) Mime)) _loading)","TaintedFormatString"
"(parameter (member (member (root https://www.npmjs.com/package/mime) Mime) load) 0)","TaintedPath"
"(member (instance (member (member (root https://www.npmjs.com/package/mime) Mime) define)) _loading)","TaintedFormatString"
"(instance (member (instance (member (root https://www.npmjs.com/package/mime) Mime)) Mime))","TaintedFormatString"
"(instance (member (instance (member (root https://www.npmjs.com/package/mime) Mime)) define))","TaintedFormatString"
"(parameter (member (instance (member (root https://www.npmjs.com/package/mime) Mime)) load) 0)","TaintedPath"
"(parameter (member (member (root https://www.npmjs.com/package/minimatch) Minimatch) parse) 0)","RegExpInjection"
"(parameter (member (instance (member (root https://www.npmjs.com/package/minimatch) Minimatch)) parse) 0)","RegExpInjection"
"(parameter (root https://www.npmjs.com/package/mkdirp) 0)","TaintedPath"
"(parameter (member (root https://www.npmjs.com/package/mkdirp) sync) 0)","TaintedPath"
"(parameter (member (root https://www.npmjs.com/package/mkdirp) mkdirp) 0)","TaintedPath"
"(parameter (member (root https://www.npmjs.com/package/mkdirp) mkdirP) 0)","TaintedPath"
"(parameter (member (member (root https://www.npmjs.com/package/mkdirp) mkdirp) sync) 0)","TaintedPath"
"(parameter (member (member (root https://www.npmjs.com/package/mkdirp) mkdirp) mkdirp) 0)","TaintedPath"
"(parameter (member (member (root https://www.npmjs.com/package/mkdirp) mkdirp) mkdirP) 0)","TaintedPath"
"(parameter (member (member (root https://www.npmjs.com/package/mkdirp) mkdirP) sync) 0)","TaintedPath"
"(parameter (member (member (root https://www.npmjs.com/package/mkdirp) mkdirP) mkdirp) 0)","TaintedPath"
"(parameter (member (member (root https://www.npmjs.com/package/mkdirp) mkdirP) mkdirP) 0)","TaintedPath"
"(parameter (member (member (member (root https://www.npmjs.com/package/mkdirp) mkdirp) mkdirp) sync) 0)","TaintedPath"
"(parameter (member (member (member (root https://www.npmjs.com/package/mkdirp) mkdirp) mkdirp) mkdirp) 0)","TaintedPath"
"(parameter (member (member (member (root https://www.npmjs.com/package/mkdirp) mkdirp) mkdirp) mkdirP) 0)","TaintedPath"
"(parameter (member (member (member (root https://www.npmjs.com/package/mkdirp) mkdirp) mkdirP) sync) 0)","TaintedPath"
"(parameter (member (member (member (root https://www.npmjs.com/package/mkdirp) mkdirp) mkdirP) mkdirp) 0)","TaintedPath"
"(parameter (member (member (member (root https://www.npmjs.com/package/mkdirp) mkdirp) mkdirP) mkdirP) 0)","TaintedPath"
"(parameter (member (member (member (root https://www.npmjs.com/package/mkdirp) mkdirP) mkdirp) sync) 0)","TaintedPath"
"(parameter (member (member (member (root https://www.npmjs.com/package/mkdirp) mkdirP) mkdirp) mkdirp) 0)","TaintedPath"
"(parameter (member (member (member (root https://www.npmjs.com/package/mkdirp) mkdirP) mkdirp) mkdirP) 0)","TaintedPath"
"(parameter (member (member (member (root https://www.npmjs.com/package/mkdirp) mkdirP) mkdirP) sync) 0)","TaintedPath"
"(parameter (member (member (member (root https://www.npmjs.com/package/mkdirp) mkdirP) mkdirP) mkdirp) 0)","TaintedPath"
"(parameter (member (member (member (root https://www.npmjs.com/package/mkdirp) mkdirP) mkdirP) mkdirP) 0)","TaintedPath"
"(parameter (root https://www.npmjs.com/package/on-finished) 1)","CodeInjection"
"(parameter (root https://www.npmjs.com/package/path-exists) 0)","TaintedPath"
"(parameter (root https://www.npmjs.com/package/regex-not) 1)","RegExpInjection"
"(return (member (root https://www.npmjs.com/package/regex-not) create))","RegExpInjection"
"(parameter (root https://www.npmjs.com/package/require-directory) 0)","TaintedPath"
"(parameter (root https://www.npmjs.com/package/require-directory) 1)","TaintedPath"
"(member (parameter (root https://www.npmjs.com/package/require-directory) 0) filename)","TaintedPath"
"(parameter (root https://www.npmjs.com/package/require_optional) 0)","TaintedPath"
"(parameter (member (root https://www.npmjs.com/package/require_optional) exists) 0)","TaintedPath"
"(parameter (member (root https://www.npmjs.com/package/nestedtest) findPackage) 0)","TaintedPath"
"(parameter (member (root https://www.npmjs.com/package/uglify-js) readNameCache) 0)","TaintedPath"
"(parameter (member (root https://www.npmjs.com/package/uglify-js) writeNameCache) 0)","TaintedPath"
"(parameter (member (root https://www.npmjs.com/package/uglify-js) readReservedFile) 0)","TaintedPath"
"(parameter (parameter (member (member (root https://www.npmjs.com/package/uglify-js) FILES) map) 0) 0)","TaintedPath"
"(return (member (root https://www.npmjs.com/package/underscore) defaults))","CodeInjection"
"(member (return (member (root https://www.npmjs.com/package/underscore) defaults)) variable)","CodeInjection"
"(return (member (member (root https://www.npmjs.com/package/underscore) _) defaults))","CodeInjection"
"(member (return (member (member (root https://www.npmjs.com/package/underscore) _) defaults)) variable)","CodeInjection"
"(return (member (parameter (member (root https://www.npmjs.com/package/underscore) partial) 1) defaults))","CodeInjection"
"(return (member (parameter (member (root https://www.npmjs.com/package/underscore) mixin) 0) defaults))","CodeInjection"
"(return (member (return (member (root https://www.npmjs.com/package/underscore) keys)) join))","RegExpInjection"
"(return (member (return (member (root https://www.npmjs.com/package/underscore) mixin)) defaults))","CodeInjection"
"(return (member (member (member (root https://www.npmjs.com/package/underscore) partial) placeholder) defaults))","CodeInjection"
"(parameter (member (root https://www.npmjs.com/package/vinyl-file) read) 0)","TaintedPath"
"(parameter (member (root https://www.npmjs.com/package/vinyl-file) read) 1)","TaintedPath"
"(parameter (member (root https://www.npmjs.com/package/vinyl-file) readSync) 0)","TaintedPath"
"(parameter (member (root https://www.npmjs.com/package/vinyl-file) readSync) 1)","TaintedPath"
"(member (parameter (member (root https://www.npmjs.com/package/vinyl-file) read) 1) cwd)","TaintedPath"
"(member (parameter (member (root https://www.npmjs.com/package/vinyl-file) readSync) 1) cwd)","TaintedPath"
"(parameter (member (instance (root https://www.npmjs.com/package/xmlhttprequest-ssl)) open) 1)","TaintedPath"
"(parameter (member (instance (member (root https://www.npmjs.com/package/xmlhttprequest-ssl) XMLHttpRequest)) open) 1)","TaintedPath"
"(parameter (root https://www.npmjs.com/package/yargs-parser) 1)","RegExpInjection"
"(parameter (member (root https://www.npmjs.com/package/yargs-parser) detailed) 1)","RegExpInjection"
"(parameter (member (root https://www.npmjs.com/package/yeoman-environment) get) 0)","TaintedPath"
"(parameter (member (root https://www.npmjs.com/package/yeoman-environment) create) 0)","TaintedPath"
"(parameter (member (root https://www.npmjs.com/package/yeoman-environment) getByPath) 0)","TaintedPath"
"(return (member (instance (root https://www.npmjs.com/package/yeoman-environment)) namespace))","TaintedPath"
"(return (member (member (instance (root https://www.npmjs.com/package/yeoman-environment)) arguments) shift))","TaintedPath"
"(return (member (parameter (member (root https://www.npmjs.com/package/yeoman-environment) run) 0) shift))","TaintedPath"
"(parameter (member (root https://www.npmjs.com/package/yeoman-generator) composeWith) 0)","TaintedPath"
"(parameter (root https://www.npmjs.com/package/yosay) 1)","RegExpInjection"
"(member (parameter (root https://www.npmjs.com/package/yosay) 1) maxLength)","RegExpInjection"
"(parameter (member (root https://www.npmjs.com/package/util) debuglog) 0)","RegExpInjection"
"(return (member (parameter (member (root https://www.npmjs.com/package/util) debuglog) 0) toUpperCase))","RegExpInjection"
"(instance (root https://www.npmjs.com/package/broccoli-babel-transpiler))","RegExpInjection"
"(instance (member (root https://www.npmjs.com/package/broccoli-babel-transpiler) constructor))","RegExpInjection"
"(member (instance (root https://www.npmjs.com/package/broccoli-babel-transpiler)) extensions)","RegExpInjection"
"(instance (member (instance (root https://www.npmjs.com/package/broccoli-babel-transpiler)) constructor))","RegExpInjection"
"(instance (member (member (root https://www.npmjs.com/package/broccoli-babel-transpiler) constructor) constructor))","RegExpInjection"
"(member (instance (member (root https://www.npmjs.com/package/broccoli-babel-transpiler) constructor)) extensions)","RegExpInjection"
"(member (instance (member (instance (root https://www.npmjs.com/package/broccoli-babel-transpiler)) constructor)) extensions)","RegExpInjection"
"(member (instance (member (member (root https://www.npmjs.com/package/broccoli-babel-transpiler) constructor) constructor)) extensions)","RegExpInjection"
"(instance (member (member (instance (root https://www.npmjs.com/package/broccoli-babel-transpiler)) constructor) constructor))","RegExpInjection"
"(instance (member (instance (member (root https://www.npmjs.com/package/broccoli-babel-transpiler) constructor)) constructor))","RegExpInjection"
"(instance (member (member (member (root https://www.npmjs.com/package/broccoli-babel-transpiler) constructor) constructor) constructor))","RegExpInjection"
"(instance (root https://www.npmjs.com/package/broccoli-debug))","TaintedPath"
"(member (instance (root https://www.npmjs.com/package/broccoli-debug)) outputPath)","TaintedPath"
"(instance (root https://www.npmjs.com/package/broccoli-funnel))","TaintedPath"
"(member (instance (root https://www.npmjs.com/package/broccoli-funnel)) destPath)","TaintedPath"
"(member (instance (root https://www.npmjs.com/package/broccoli-funnel)) outputPath)","TaintedPath"
"(member (instance (root https://www.npmjs.com/package/broccoli-funnel)) inputPaths)","TaintedPath"
"(instance (member (root https://www.npmjs.com/package/broccoli-funnel) constructor))","TaintedPath"
"(instance (member (root https://www.npmjs.com/package/broccoli-funnel) build))","TaintedPath"
"(parameter (member (root https://www.npmjs.com/package/broccoli-funnel) _copy) 1)","TaintedPath"
"(instance (member (root https://www.npmjs.com/package/broccoli-funnel) processFilters))","TaintedPath"
"(parameter (member (root https://www.npmjs.com/package/broccoli-funnel) _applyPatch) 0)","TaintedPath"
"(parameter (member (root https://www.npmjs.com/package/broccoli-funnel) _applyPatch) 2)","TaintedPath"
"(parameter (member (root https://www.npmjs.com/package/broccoli-funnel) processFile) 1)","TaintedPath"
"(parameter (member (root https://www.npmjs.com/package/broccoli-funnel) _matchesPattern) 1)","RegExpInjection"
"(instance (member (instance (root https://www.npmjs.com/package/broccoli-funnel)) constructor))","TaintedPath"
"(instance (member (instance (root https://www.npmjs.com/package/broccoli-funnel)) build))","TaintedPath"
"(instance (member (instance (root https://www.npmjs.com/package/broccoli-funnel)) processFilters))","TaintedPath"
"(instance (member (member (root https://www.npmjs.com/package/broccoli-funnel) constructor) constructor))","TaintedPath"
"(instance (member (member (root https://www.npmjs.com/package/broccoli-funnel) constructor) build))","TaintedPath"
"(instance (member (member (root https://www.npmjs.com/package/broccoli-funnel) constructor) processFilters))","TaintedPath"
"(parameter (member (instance (root https://www.npmjs.com/package/broccoli-funnel)) _copy) 1)","TaintedPath"
"(parameter (member (instance (root https://www.npmjs.com/package/broccoli-funnel)) _applyPatch) 0)","TaintedPath"
"(parameter (member (instance (root https://www.npmjs.com/package/broccoli-funnel)) _applyPatch) 2)","TaintedPath"
"(parameter (member (instance (root https://www.npmjs.com/package/broccoli-funnel)) processFile) 1)","TaintedPath"
"(parameter (member (instance (root https://www.npmjs.com/package/broccoli-funnel)) _matchesPattern) 1)","RegExpInjection"
"(member (instance (member (root https://www.npmjs.com/package/broccoli-funnel) constructor)) destPath)","TaintedPath"
"(member (instance (member (root https://www.npmjs.com/package/broccoli-funnel) constructor)) outputPath)","TaintedPath"
"(member (instance (member (root https://www.npmjs.com/package/broccoli-funnel) constructor)) inputPaths)","TaintedPath"
"(member (instance (member (root https://www.npmjs.com/package/broccoli-funnel) build)) destPath)","TaintedPath"
"(member (instance (member (root https://www.npmjs.com/package/broccoli-funnel) build)) outputPath)","TaintedPath"
"(member (instance (member (root https://www.npmjs.com/package/broccoli-funnel) build)) inputPaths)","TaintedPath"
"(member (instance (member (root https://www.npmjs.com/package/broccoli-funnel) processFilters)) outputPath)","TaintedPath"
"(parameter (member (member (root https://www.npmjs.com/package/broccoli-funnel) constructor) _copy) 1)","TaintedPath"
"(parameter (member (member (root https://www.npmjs.com/package/broccoli-funnel) constructor) _applyPatch) 0)","TaintedPath"
"(parameter (member (member (root https://www.npmjs.com/package/broccoli-funnel) constructor) _applyPatch) 2)","TaintedPath"
"(parameter (member (member (root https://www.npmjs.com/package/broccoli-funnel) constructor) processFile) 1)","TaintedPath"
"(parameter (member (member (root https://www.npmjs.com/package/broccoli-funnel) constructor) _matchesPattern) 1)","RegExpInjection"
"(member (instance (member (instance (root https://www.npmjs.com/package/broccoli-funnel)) constructor)) destPath)","TaintedPath"
"(member (instance (member (instance (root https://www.npmjs.com/package/broccoli-funnel)) constructor)) outputPath)","TaintedPath"
"(member (instance (member (instance (root https://www.npmjs.com/package/broccoli-funnel)) constructor)) inputPaths)","TaintedPath"
"(member (instance (member (instance (root https://www.npmjs.com/package/broccoli-funnel)) build)) destPath)","TaintedPath"
"(member (instance (member (instance (root https://www.npmjs.com/package/broccoli-funnel)) build)) outputPath)","TaintedPath"
"(member (instance (member (instance (root https://www.npmjs.com/package/broccoli-funnel)) build)) inputPaths)","TaintedPath"
"(member (instance (member (instance (root https://www.npmjs.com/package/broccoli-funnel)) processFilters)) outputPath)","TaintedPath"
"(member (instance (member (member (root https://www.npmjs.com/package/broccoli-funnel) constructor) constructor)) destPath)","TaintedPath"
"(member (instance (member (member (root https://www.npmjs.com/package/broccoli-funnel) constructor) constructor)) outputPath)","TaintedPath"
"(member (instance (member (member (root https://www.npmjs.com/package/broccoli-funnel) constructor) constructor)) inputPaths)","TaintedPath"
"(member (instance (member (member (root https://www.npmjs.com/package/broccoli-funnel) constructor) build)) destPath)","TaintedPath"
"(member (instance (member (member (root https://www.npmjs.com/package/broccoli-funnel) constructor) build)) outputPath)","TaintedPath"
"(member (instance (member (member (root https://www.npmjs.com/package/broccoli-funnel) constructor) build)) inputPaths)","TaintedPath"
"(member (instance (member (member (root https://www.npmjs.com/package/broccoli-funnel) constructor) processFilters)) outputPath)","TaintedPath"
"(instance (member (member (instance (root https://www.npmjs.com/package/broccoli-funnel)) constructor) constructor))","TaintedPath"
"(instance (member (member (instance (root https://www.npmjs.com/package/broccoli-funnel)) constructor) build))","TaintedPath"
"(instance (member (member (instance (root https://www.npmjs.com/package/broccoli-funnel)) constructor) processFilters))","TaintedPath"
"(instance (member (instance (member (root https://www.npmjs.com/package/broccoli-funnel) constructor)) constructor))","TaintedPath"
"(instance (member (instance (member (root https://www.npmjs.com/package/broccoli-funnel) constructor)) build))","TaintedPath"
"(instance (member (instance (member (root https://www.npmjs.com/package/broccoli-funnel) constructor)) processFilters))","TaintedPath"
"(instance (member (member (member (root https://www.npmjs.com/package/broccoli-funnel) constructor) constructor) constructor))","TaintedPath"
"(instance (member (member (member (root https://www.npmjs.com/package/broccoli-funnel) constructor) constructor) build))","TaintedPath"
"(instance (member (member (member (root https://www.npmjs.com/package/broccoli-funnel) constructor) constructor) processFilters))","TaintedPath"
"(parameter (member (member (instance (root https://www.npmjs.com/package/broccoli-funnel)) constructor) _copy) 1)","TaintedPath"
"(parameter (member (member (instance (root https://www.npmjs.com/package/broccoli-funnel)) constructor) _applyPatch) 0)","TaintedPath"
"(parameter (member (member (instance (root https://www.npmjs.com/package/broccoli-funnel)) constructor) _applyPatch) 2)","TaintedPath"
"(parameter (member (member (instance (root https://www.npmjs.com/package/broccoli-funnel)) constructor) processFile) 1)","TaintedPath"
"(parameter (member (member (instance (root https://www.npmjs.com/package/broccoli-funnel)) constructor) _matchesPattern) 1)","RegExpInjection"
"(parameter (member (instance (member (root https://www.npmjs.com/package/broccoli-funnel) constructor)) _copy) 1)","TaintedPath"
"(parameter (member (instance (member (root https://www.npmjs.com/package/broccoli-funnel) constructor)) _applyPatch) 0)","TaintedPath"
"(parameter (member (instance (member (root https://www.npmjs.com/package/broccoli-funnel) constructor)) _applyPatch) 2)","TaintedPath"
"(parameter (member (instance (member (root https://www.npmjs.com/package/broccoli-funnel) constructor)) processFile) 1)","TaintedPath"
"(parameter (member (instance (member (root https://www.npmjs.com/package/broccoli-funnel) constructor)) _matchesPattern) 1)","RegExpInjection"
"(parameter (member (member (member (root https://www.npmjs.com/package/broccoli-funnel) constructor) constructor) _copy) 1)","TaintedPath"
"(parameter (member (member (member (root https://www.npmjs.com/package/broccoli-funnel) constructor) constructor) _applyPatch) 0)","TaintedPath"
"(parameter (member (member (member (root https://www.npmjs.com/package/broccoli-funnel) constructor) constructor) _applyPatch) 2)","TaintedPath"
"(parameter (member (member (member (root https://www.npmjs.com/package/broccoli-funnel) constructor) constructor) processFile) 1)","TaintedPath"
"(parameter (member (member (member (root https://www.npmjs.com/package/broccoli-funnel) constructor) constructor) _matchesPattern) 1)","RegExpInjection"
"(return (member (member (instance (root https://www.npmjs.com/package/broccoli-funnel)) _currentTree) calculatePatch))","TaintedPath"
"(instance (member (root https://www.npmjs.com/package/broccoli-persistent-filter) isDirectory))","TaintedPath"
"(instance (member (root https://www.npmjs.com/package/broccoli-persistent-filter) build))","TaintedPath"
"(parameter (member (root https://www.npmjs.com/package/broccoli-persistent-filter) isDirectory) 0)","TaintedPath"
"(parameter (member (root https://www.npmjs.com/package/broccoli-persistent-filter) _handleFile) 4)","TaintedPath"
"(parameter (member (root https://www.npmjs.com/package/broccoli-persistent-filter) processFile) 0)","TaintedPath"
"(parameter (member (root https://www.npmjs.com/package/broccoli-persistent-filter) processFile) 1)","TaintedPath"
"(parameter (member (root https://www.npmjs.com/package/broccoli-persistent-filter) processFile) 2)","TaintedPath"
"(instance (member (member (root https://www.npmjs.com/package/broccoli-persistent-filter) constructor) isDirectory))","TaintedPath"
"(instance (member (member (root https://www.npmjs.com/package/broccoli-persistent-filter) constructor) build))","TaintedPath"
"(member (instance (member (root https://www.npmjs.com/package/broccoli-persistent-filter) isDirectory)) inputPaths)","TaintedPath"
"(member (instance (member (root https://www.npmjs.com/package/broccoli-persistent-filter) build)) outputPath)","TaintedPath"
"(parameter (member (member (root https://www.npmjs.com/package/broccoli-persistent-filter) constructor) isDirectory) 0)","TaintedPath"
"(parameter (member (member (root https://www.npmjs.com/package/broccoli-persistent-filter) constructor) _handleFile) 4)","TaintedPath"
"(parameter (member (member (root https://www.npmjs.com/package/broccoli-persistent-filter) constructor) processFile) 0)","TaintedPath"
"(parameter (member (member (root https://www.npmjs.com/package/broccoli-persistent-filter) constructor) processFile) 1)","TaintedPath"
"(parameter (member (member (root https://www.npmjs.com/package/broccoli-persistent-filter) constructor) processFile) 2)","TaintedPath"
"(member (instance (member (member (root https://www.npmjs.com/package/broccoli-persistent-filter) constructor) isDirectory)) inputPaths)","TaintedPath"
"(member (instance (member (member (root https://www.npmjs.com/package/broccoli-persistent-filter) constructor) build)) outputPath)","TaintedPath"
"(instance (member (member (member (root https://www.npmjs.com/package/broccoli-persistent-filter) constructor) constructor) isDirectory))","TaintedPath"
"(instance (member (member (member (root https://www.npmjs.com/package/broccoli-persistent-filter) constructor) constructor) build))","TaintedPath"
"(parameter (member (member (member (root https://www.npmjs.com/package/broccoli-persistent-filter) constructor) constructor) isDirectory) 0)","TaintedPath"
"(parameter (member (member (member (root https://www.npmjs.com/package/broccoli-persistent-filter) constructor) constructor) _handleFile) 4)","TaintedPath"
"(parameter (member (member (member (root https://www.npmjs.com/package/broccoli-persistent-filter) constructor) constructor) processFile) 0)","TaintedPath"
"(parameter (member (member (member (root https://www.npmjs.com/package/broccoli-persistent-filter) constructor) constructor) processFile) 1)","TaintedPath"
"(parameter (member (member (member (root https://www.npmjs.com/package/broccoli-persistent-filter) constructor) constructor) processFile) 2)","TaintedPath"
"(return (member (instance (member (root https://www.npmjs.com/package/broccoli-persistent-filter) processFile)) getDestFilePath))","TaintedPath"
"(return (member (instance (member (root https://www.npmjs.com/package/broccoli-persistent-filter) build)) getDestFilePath))","TaintedPath"
"(parameter (parameter (member (instance (root https://www.npmjs.com/package/browserify)) _bresolve) 2) 1)","TaintedPath"
"(member (parameter (member (root https://www.npmjs.com/package/detective) find) 1) word)","RegExpInjection"
"(parameter (member (root https://www.npmjs.com/package/event-stream) log) 0)","TaintedFormatString"
"(parameter (member (root https://www.npmjs.com/package/matcher-collection) match) 0)","RegExpInjection"
"(instance (root https://www.npmjs.com/package/merge-trees))","TaintedPath"
"(member (instance (root https://www.npmjs.com/package/merge-trees)) inputPaths)","TaintedPath"
"(member (instance (root https://www.npmjs.com/package/merge-trees)) outputPath)","TaintedPath"
"(parameter (member (root https://www.npmjs.com/package/merge-trees) _mergeRelativePath) 0)","TaintedPath"
"(parameter (member (root https://www.npmjs.com/package/merge-trees) _applyPatch) 0)","TaintedPath"
"(parameter (member (root https://www.npmjs.com/package/merge-trees) _applyMkdir) 2)","TaintedPath"
"(parameter (member (root https://www.npmjs.com/package/merge-trees) _applyRmdir) 2)","TaintedPath"
"(parameter (member (root https://www.npmjs.com/package/merge-trees) _applyChange) 2)","TaintedPath"
"(return (member (member (instance (root https://www.npmjs.com/package/merge-trees)) _currentTree) calculatePatch))","TaintedPath"
"(parameter (root https://www.npmjs.com/package/ncp) 0)","TaintedPath"
"(parameter (root https://www.npmjs.com/package/ncp) 1)","TaintedPath"
"(parameter (member (root https://www.npmjs.com/package/ncp) ncp) 0)","TaintedPath"
"(parameter (member (root https://www.npmjs.com/package/ncp) ncp) 1)","TaintedPath"
"(member (parameter (root https://www.npmjs.com/package/ncp) 2) errs)","TaintedPath"
"(member (parameter (member (root https://www.npmjs.com/package/ncp) ncp) 2) errs)","TaintedPath"
"(parameter (member (member (root https://www.npmjs.com/package/ncp) ncp) ncp) 0)","TaintedPath"
"(parameter (member (member (root https://www.npmjs.com/package/ncp) ncp) ncp) 1)","TaintedPath"
"(return (member (parameter (root https://www.npmjs.com/package/ncp) 2) rename))","TaintedPath"
"(member (parameter (member (member (root https://www.npmjs.com/package/ncp) ncp) ncp) 2) errs)","TaintedPath"
"(member (parameter (member (parameter (root https://www.npmjs.com/package/ncp) 2) transform) 2) name)","TaintedPath"
"(parameter (member (member (member (root https://www.npmjs.com/package/ncp) ncp) ncp) ncp) 0)","TaintedPath"
"(parameter (member (member (member (root https://www.npmjs.com/package/ncp) ncp) ncp) ncp) 1)","TaintedPath"
"(return (member (parameter (member (root https://www.npmjs.com/package/ncp) ncp) 2) rename))","TaintedPath"
"(parameter (root https://www.npmjs.com/package/chownr) 0)","TaintedPath"
"(parameter (member (root https://www.npmjs.com/package/chownr) sync) 0)","TaintedPath"
"(parameter (root https://www.npmjs.com/package/cmd-shim) 0)","TaintedPath"
"(parameter (root https://www.npmjs.com/package/cmd-shim) 1)","TaintedPath"
"(parameter (member (root https://www.npmjs.com/package/cmd-shim) ifExists) 0)","TaintedPath"
"(parameter (member (root https://www.npmjs.com/package/cmd-shim) ifExists) 1)","TaintedPath"
"(parameter (member (member (root https://www.npmjs.com/package/config-chain) ConfigChain) addFile) 0)","TaintedPath"
"(parameter (member (instance (member (root https://www.npmjs.com/package/config-chain) ConfigChain)) addFile) 0)","TaintedPath"
"(instance (root https://www.npmjs.com/package/configstore))","TaintedPath"
"(member (instance (root https://www.npmjs.com/package/configstore)) path)","TaintedPath"
"(parameter (root https://www.npmjs.com/package/debuglog) 0)","RegExpInjection"
"(return (member (parameter (root https://www.npmjs.com/package/debuglog) 0) toUpperCase))","RegExpInjection"
"(member (parameter (member (root https://www.npmjs.com/package/dotenv) config) 0) path)","TaintedPath"
"(parameter (root https://www.npmjs.com/package/find-npm-prefix) 0)","TaintedPath"
"(instance (member (root https://www.npmjs.com/package/fs-minipass) ReadStream))","TaintedPath"
"(instance (member (root https://www.npmjs.com/package/fs-minipass) WriteStream))","TaintedPath"
"(instance (root https://www.npmjs.com/package/fs-write-stream-atomic))","TaintedPath"
"(instance (member (root https://www.npmjs.com/package/ignore-walk) Walker))","RegExpInjection"
"(instance (member (root https://www.npmjs.com/package/ignore-walk) Walker))","TaintedPath"
"(instance (member (root https://www.npmjs.com/package/ignore-walk) WalkerSync))","TaintedPath"
"(member (instance (member (root https://www.npmjs.com/package/ignore-walk) Walker)) entries)","RegExpInjection"
"(member (instance (member (root https://www.npmjs.com/package/ignore-walk) Walker)) path)","TaintedPath"
"(member (instance (member (root https://www.npmjs.com/package/ignore-walk) WalkerSync)) path)","TaintedPath"
"(parameter (member (member (root https://www.npmjs.com/package/ignore-walk) Walker) addIgnoreFile) 0)","TaintedPath"
"(parameter (member (member (root https://www.npmjs.com/package/ignore-walk) Walker) filterEntry) 0)","RegExpInjection"
"(parameter (member (member (root https://www.npmjs.com/package/ignore-walk) WalkerSync) addIgnoreFile) 0)","TaintedPath"
"(parameter (root https://www.npmjs.com/package/init-package-json) 0)","TaintedPath"
"(parameter (root https://www.npmjs.com/package/libnpx) 0)","RegExpInjection"
"(parameter (root https://www.npmjs.com/package/libnpx) 0)","CommandInjection"
"(parameter (root https://www.npmjs.com/package/libnpx) 0)","TaintedPath"
"(member (parameter (root https://www.npmjs.com/package/libnpx) 0) command)","RegExpInjection"
"(member (parameter (root https://www.npmjs.com/package/libnpx) 0) npxPkg)","TaintedPath"
"(parameter (root https://www.npmjs.com/package/lock-verify) 0)","TaintedPath"
"(parameter (member (root https://www.npmjs.com/package/lockfile) lock) 0)","TaintedPath"
"(parameter (member (root https://www.npmjs.com/package/lockfile) check) 0)","TaintedPath"
"(parameter (member (root https://www.npmjs.com/package/lockfile) unlock) 0)","TaintedPath"
"(parameter (member (root https://www.npmjs.com/package/lockfile) unlockSync) 0)","TaintedPath"
"(parameter (member (root https://www.npmjs.com/package/lockfile) checkSync) 0)","TaintedPath"
"(parameter (member (root https://www.npmjs.com/package/lockfile) lockSync) 0)","TaintedPath"
"(parameter (member (member (root https://www.npmjs.com/package/node-gyp) Gyp) spawn) 0)","CommandInjection"
"(parameter (member (instance (member (root https://www.npmjs.com/package/node-gyp) Gyp)) spawn) 0)","CommandInjection"
"(instance (member (root https://www.npmjs.com/package/npm-bundled) BundleWalker))","TaintedPath"
"(instance (member (root https://www.npmjs.com/package/npm-bundled) BundleWalkerSync))","TaintedPath"
"(member (instance (member (root https://www.npmjs.com/package/npm-bundled) BundleWalker)) path)","TaintedPath"
"(member (instance (member (root https://www.npmjs.com/package/npm-bundled) BundleWalkerSync)) path)","TaintedPath"
"(parameter (member (member (root https://www.npmjs.com/package/npm-bundled) BundleWalker) readPackageJson) 0)","TaintedPath"
"(parameter (member (member (root https://www.npmjs.com/package/npm-bundled) BundleWalkerSync) readPackageJson) 0)","TaintedPath"
"(parameter (member (root https://www.npmjs.com/package/npm-install-checks) checkGit) 0)","TaintedPath"
"(parameter (root https://www.npmjs.com/package/npm-lifecycle) 0)","TaintedPath"
"(parameter (root https://www.npmjs.com/package/npm-lifecycle) 1)","TaintedPath"
"(parameter (root https://www.npmjs.com/package/npm-lifecycle) 2)","TaintedPath"
"(parameter (root https://www.npmjs.com/package/npm-lifecycle) 3)","TaintedPath"
"(member (parameter (root https://www.npmjs.com/package/npm-lifecycle) 0) name)","TaintedPath"
"(member (parameter (root https://www.npmjs.com/package/npm-lifecycle) 0) _data)","TaintedPath"
"(member (parameter (root https://www.npmjs.com/package/npm-lifecycle) 3) dir)","TaintedPath"
"(member (member (parameter (root https://www.npmjs.com/package/npm-lifecycle) 0) _data) name)","TaintedPath"
"(member (member (parameter (root https://www.npmjs.com/package/npm-lifecycle) 0) _data) _data)","TaintedPath"
"(member (member (member (parameter (root https://www.npmjs.com/package/npm-lifecycle) 0) _data) _data) name)","TaintedPath"
"(member (member (member (parameter (root https://www.npmjs.com/package/npm-lifecycle) 0) _data) _data) _data)","TaintedPath"
"(member (parameter (root https://www.npmjs.com/package/opener) 1) command)","CommandInjection"
"(instance (member (root https://www.npmjs.com/package/promzard) PromZard))","CodeInjection"
"(instance (member (root https://www.npmjs.com/package/promzard) PromZard))","TaintedPath"
"(instance (member (member (root https://www.npmjs.com/package/promzard) PromZard) loaded))","CodeInjection"
"(instance (member (member (root https://www.npmjs.com/package/promzard) PromZard) load))","TaintedPath"
"(member (instance (member (root https://www.npmjs.com/package/promzard) PromZard)) file)","TaintedPath"
"(member (instance (member (root https://www.npmjs.com/package/promzard) PromZard)) script)","CodeInjection"
"(instance (member (instance (member (root https://www.npmjs.com/package/promzard) PromZard)) loaded))","CodeInjection"
"(instance (member (instance (member (root https://www.npmjs.com/package/promzard) PromZard)) load))","TaintedPath"
"(member (instance (member (member (root https://www.npmjs.com/package/promzard) PromZard) loaded)) script)","CodeInjection"
"(member (instance (member (member (root https://www.npmjs.com/package/promzard) PromZard) load)) file)","TaintedPath"
"(parameter (root https://www.npmjs.com/package/read-cmd-shim) 0)","TaintedPath"
"(parameter (member (root https://www.npmjs.com/package/read-cmd-shim) sync) 0)","TaintedPath"
"(parameter (root https://www.npmjs.com/package/read-installed) 0)","TaintedPath"
"(parameter (root https://www.npmjs.com/package/read-package-json) 0)","TaintedPath"
"(parameter (member (root https://www.npmjs.com/package/read-package-json) extras) 0)","TaintedPath"
"(parameter (member (root https://www.npmjs.com/package/read-package-json) extras) 1)","TaintedPath"
"(parameter (root https://www.npmjs.com/package/read-package-tree) 0)","TaintedPath"
"(parameter (root https://www.npmjs.com/package/readdir-scoped-modules) 0)","TaintedPath"
"(parameter (member (root https://www.npmjs.com/package/sha) get) 0)","TaintedPath"
"(parameter (root https://www.npmjs.com/package/write-file-atomic) 0)","TaintedPath"
"(return (member (member (root https://www.npmjs.com/package/npm) config) get))","TaintedPath"
"(parameter (root https://www.npmjs.com/package/open) 0)","CommandInjection"
"(parameter (root https://www.npmjs.com/package/pkginfo) 0)","TaintedPath"
"(parameter (member (root https://www.npmjs.com/package/pkginfo) find) 0)","TaintedPath"
"(parameter (member (root https://www.npmjs.com/package/pkginfo) find) 1)","TaintedPath"
"(parameter (member (root https://www.npmjs.com/package/pkginfo) read) 0)","TaintedPath"
"(parameter (member (root https://www.npmjs.com/package/pkginfo) read) 1)","TaintedPath"
"(member (parameter (root https://www.npmjs.com/package/pkginfo) 1) dir)","TaintedPath"
"(parameter (return (root https://www.npmjs.com/package/pkginfo)) 0)","TaintedPath"
"(member (parameter (member (root https://www.npmjs.com/package/pkginfo) find) 0) id)","TaintedPath"
"(member (parameter (member (root https://www.npmjs.com/package/pkginfo) find) 0) filename)","TaintedPath"
"(member (parameter (return (root https://www.npmjs.com/package/pkginfo)) 1) dir)","TaintedPath"
"(parameter (return (return (root https://www.npmjs.com/package/pkginfo))) 0)","TaintedPath"
"(parameter (member (return (root https://www.npmjs.com/package/pkginfo)) find) 0)","TaintedPath"
"(parameter (member (return (root https://www.npmjs.com/package/pkginfo)) find) 1)","TaintedPath"
"(parameter (member (return (root https://www.npmjs.com/package/pkginfo)) read) 0)","TaintedPath"
"(parameter (member (return (root https://www.npmjs.com/package/pkginfo)) read) 1)","TaintedPath"
"(member (parameter (return (return (root https://www.npmjs.com/package/pkginfo))) 1) dir)","TaintedPath"
"(parameter (return (return (return (root https://www.npmjs.com/package/pkginfo)))) 0)","TaintedPath"
"(member (parameter (member (return (root https://www.npmjs.com/package/pkginfo)) find) 0) id)","TaintedPath"
"(member (parameter (member (return (root https://www.npmjs.com/package/pkginfo)) find) 0) filename)","TaintedPath"
"(parameter (member (return (return (root https://www.npmjs.com/package/pkginfo))) find) 0)","TaintedPath"
"(parameter (member (return (return (root https://www.npmjs.com/package/pkginfo))) find) 1)","TaintedPath"
"(parameter (member (return (return (root https://www.npmjs.com/package/pkginfo))) read) 0)","TaintedPath"
"(parameter (member (return (return (root https://www.npmjs.com/package/pkginfo))) read) 1)","TaintedPath"
"(parameter (root https://www.npmjs.com/package/readdirp) 0)","TaintedPath"
"(member (parameter (root https://www.npmjs.com/package/readdirp) 0) root)","TaintedPath"
"(parameter (root https://www.npmjs.com/package/regexp-clone) 0)","RegExpInjection"
"(member (parameter (root https://www.npmjs.com/package/regexp-clone) 0) source)","RegExpInjection"
"(parameter (member (return (member (root https://www.npmjs.com/package/stream-splicer) _wrapStream)) _write) 2)","CodeInjection"
"(parameter (member (instance (member (root https://www.npmjs.com/package/stream-splicer) _wrapStream)) _write) 2)","CodeInjection"
"(parameter (root https://www.npmjs.com/package/walk-sync) 0)","TaintedPath"
"(instance (member (root https://www.npmjs.com/package/tree-sync) sync))","TaintedPath"
"(member (instance (member (root https://www.npmjs.com/package/tree-sync) sync)) _input)","TaintedPath"
"(member (instance (member (root https://www.npmjs.com/package/tree-sync) sync)) _output)","TaintedPath"
"(instance (member (root https://www.npmjs.com/package/vm-browserify) Script))","CodeInjection"
"(instance (member (member (root https://www.npmjs.com/package/vm-browserify) Script) runInThisContext))","CodeInjection"
"(member (instance (member (root https://www.npmjs.com/package/vm-browserify) Script)) code)","CodeInjection"
"(member (instance (member (member (root https://www.npmjs.com/package/vm-browserify) Script) runInThisContext)) code)","CodeInjection"
"(instance (member (instance (member (root https://www.npmjs.com/package/vm-browserify) Script)) runInThisContext))","CodeInjection"
